episode,human_skill_label,shutter_skill_label,skill_pair,human_shooting_threshold,shutter_shooting_threshold,human_support_frames,shutter_support_frames,idle_support_frames,human_score_without_nao,shutter_score_without_nao,human_score_with_nao,shutter_score_with_nao,nao_to_human,nao_to_shutter,first_half_human_support_pct,first_half_shutter_support_pct,second_half_human_support_pct,second_half_shutter_support_pct,nao_action_support_human_pct,nao_action_support_shutter_pct,nao_action_center_idle_pct,episode_frames,bucket_1_support_human_pct,bucket_1_support_shutter_pct,bucket_1_center_idle_pct,bucket_1_human_score_with_nao,bucket_1_shutter_score_with_nao,bucket_2_support_human_pct,bucket_2_support_shutter_pct,bucket_2_center_idle_pct,bucket_2_human_score_with_nao,bucket_2_shutter_score_with_nao,bucket_3_support_human_pct,bucket_3_support_shutter_pct,bucket_3_center_idle_pct,bucket_3_human_score_with_nao,bucket_3_shutter_score_with_nao,bucket_4_support_human_pct,bucket_4_support_shutter_pct,bucket_4_center_idle_pct,bucket_4_human_score_with_nao,bucket_4_shutter_score_with_nao,bucket_5_support_human_pct,bucket_5_support_shutter_pct,bucket_5_center_idle_pct,bucket_5_human_score_with_nao,bucket_5_shutter_score_with_nao,bucket_6_support_human_pct,bucket_6_support_shutter_pct,bucket_6_center_idle_pct,bucket_6_human_score_with_nao,bucket_6_shutter_score_with_nao,bucket_7_support_human_pct,bucket_7_support_shutter_pct,bucket_7_center_idle_pct,bucket_7_human_score_with_nao,bucket_7_shutter_score_with_nao,bucket_8_support_human_pct,bucket_8_support_shutter_pct,bucket_8_center_idle_pct,bucket_8_human_score_with_nao,bucket_8_shutter_score_with_nao,bucket_9_support_human_pct,bucket_9_support_shutter_pct,bucket_9_center_idle_pct,bucket_9_human_score_with_nao,bucket_9_shutter_score_with_nao,bucket_10_support_human_pct,bucket_10_support_shutter_pct,bucket_10_center_idle_pct,bucket_10_human_score_with_nao,bucket_10_shutter_score_with_nao
5,bad,good,bad/good,0.00892648215923285,0.10173751278961245,3300,3597,3103,140,610,390,840,250,230,54.94,26.1,11.06,45.84,33.0,35.97,31.03,10000,71.94444444444444,0.18518518518518517,27.87037037037037,70,110,52.592592592592595,21.203703703703702,26.203703703703702,120,190,47.31481481481482,0.0,52.68518518518518,140,240,72.5,9.444444444444445,18.055555555555557,240,320,10.0,90.0,0.0,240,410,44.53703703703704,30.925925925925927,24.537037037037038,310,510,4.074074074074074,69.25925925925925,26.666666666666668,350,640,0.0,12.777777777777779,87.22222222222223,370,760,2.5925925925925926,75.0,22.40740740740741,390,800,0.0,93.57142857142857,6.428571428571429,390,840
8,bad,good,bad/good,0.01270956284730617,0.16627522630696656,2633,4395,2972,140,710,250,1000,110,290,35.54,32.26,17.12,55.64,26.33,43.95,29.72,10000,70.64814814814815,0.5555555555555556,28.796296296296298,50,130,52.22222222222222,0.0,47.77777777777778,80,210,41.2962962962963,2.4074074074074074,56.2962962962963,120,250,0.0,100.0,0.0,140,330,0.37037037037037035,46.388888888888886,53.24074074074074,160,500,75.46296296296296,11.203703703703704,13.333333333333334,230,570,0.0,91.85185185185185,8.148148148148149,240,720,0.0,39.351851851851855,60.648148148148145,240,770,0.0,100.0,0.0,250,950,14.642857142857142,58.57142857142857,26.785714285714285,250,1000
9,bad,good,bad/good,0.009666234022928459,0.16884577670259776,4534,2663,2803,150,600,470,760,320,160,41.84,30.54,48.84,22.72,45.34,26.63,28.03,10000,43.24074074074074,15.833333333333334,40.925925925925924,30,120,61.388888888888886,0.0,38.611111111111114,90,170,46.48148148148148,0.0,53.51851851851852,140,230,34.81481481481482,53.24074074074074,11.944444444444445,220,280,7.777777777777778,72.31481481481481,19.90740740740741,230,480,86.94444444444444,12.222222222222221,0.8333333333333334,300,530,60.925925925925924,39.074074074074076,0.0,380,620,44.81481481481482,29.444444444444443,25.74074074074074,430,730,31.38888888888889,17.87037037037037,50.74074074074074,460,760,7.857142857142857,25.357142857142858,66.78571428571429,470,760
11,bad,good,bad/good,0.0149334706604274,0.18436732400294653,4058,3414,2528,150,720,410,1000,260,280,41.0,32.54,40.16,35.74,40.58,34.14,25.28,10000,79.25925925925925,2.314814814814815,18.425925925925927,50,110,72.5925925925926,11.018518518518519,16.38888888888889,120,190,37.96296296296296,20.462962962962962,41.574074074074076,170,250,0.0,93.98148148148148,6.018518518518518,220,420,0.0,22.87037037037037,77.12962962962963,240,510,0.0,88.14814814814815,11.851851851851851,240,660,56.666666666666664,16.944444444444443,26.38888888888889,300,770,64.72222222222223,34.81481481481482,0.46296296296296297,330,890,64.53703703703704,10.833333333333334,24.62962962962963,410,990,0.0,56.785714285714285,43.214285714285715,410,1000
15,bad,good,bad/good,0.009202834236035037,0.1885860369493505,4197,3017,2786,90,820,390,1030,300,210,45.06,27.8,38.88,32.54,41.97,30.17,27.86,10000,81.11111111111111,0.18518518518518517,18.703703703703702,70,110,77.77777777777777,0.0,22.22222222222222,140,220,16.01851851851852,56.01851851851852,27.962962962962962,170,330,27.685185185185187,37.129629629629626,35.18518518518518,190,480,6.018518518518518,35.370370370370374,58.611111111111114,210,570,12.962962962962964,83.70370370370371,3.3333333333333335,220,740,74.62962962962963,10.37037037037037,15.0,280,800,61.111111111111114,37.77777777777778,1.1111111111111112,340,890,31.296296296296298,11.75925925925926,56.94444444444444,390,1010,0.0,27.142857142857142,72.85714285714286,390,1030
18,bad,good,bad/good,0.009280574667145358,0.12400368925269775,4283,3238,2479,120,660,390,840,270,180,39.08,33.4,46.58,31.36,42.83,32.38,24.79,10000,90.64814814814815,0.18518518518518517,9.166666666666666,110,140,17.87037037037037,21.85185185185185,60.27777777777778,170,230,3.7037037037037037,30.833333333333332,65.46296296296296,170,280,67.87037037037037,31.574074074074073,0.5555555555555556,230,360,0.8333333333333334,70.18518518518519,28.98148148148148,230,490,72.12962962962963,20.185185185185187,7.685185185185185,280,580,55.833333333333336,13.981481481481481,30.185185185185187,310,730,73.88888888888889,0.0,26.11111111111111,380,780,13.796296296296296,86.11111111111111,0.09259259259259259,390,820,0.0,96.07142857142857,3.9285714285714284,390,840
20,bad,good,bad/good,0.015024347093271172,0.1281469170906555,5077,3027,1896,240,640,610,800,370,160,52.64,26.98,48.9,33.56,50.77,30.27,18.96,10000,44.44444444444444,34.074074074074076,21.48148148148148,50,110,75.92592592592592,0.0,24.074074074074073,150,210,18.98148148148148,21.666666666666668,59.351851851851855,250,260,15.37037037037037,69.16666666666667,15.462962962962964,290,360,88.98148148148148,0.0,11.018518518518519,360,460,61.01851851851852,20.37037037037037,18.61111111111111,460,520,4.62962962962963,89.9074074074074,5.462962962962963,460,590,88.33333333333333,9.166666666666666,2.5,530,700,72.4074074074074,10.0,17.59259259259259,610,780,0.0,100.0,0.0,610,800
21,bad,good,bad/good,0.01201495087336783,0.16752889011876207,6942,1798,1260,120,740,530,840,410,100,74.08,16.74,64.76,19.22,69.42,17.98,12.6,10000,42.77777777777778,0.18518518518518517,57.03703703703704,10,110,100.0,0.0,0.0,50,210,88.33333333333333,4.722222222222222,6.944444444444445,130,260,47.592592592592595,41.2037037037037,11.203703703703704,170,340,64.25925925925925,31.38888888888889,4.351851851851852,250,470,81.29629629629629,1.0185185185185186,17.685185185185187,350,530,69.81481481481481,29.62962962962963,0.5555555555555556,440,630,81.57407407407408,13.055555555555555,5.37037037037037,480,730,62.870370370370374,28.24074074074074,8.88888888888889,530,790,16.428571428571427,65.71428571428571,17.857142857142858,530,840
22,bad,good,bad/good,0.009199878422223307,0.16200907184269542,4128,2373,3499,160,530,400,710,240,180,42.96,23.72,39.6,23.74,41.28,23.73,34.99,10000,10.277777777777779,30.555555555555557,59.166666666666664,20,110,83.51851851851852,0.0,16.48148148148148,100,140,58.24074074074074,0.18518518518518517,41.574074074074076,170,230,9.25925925925926,42.03703703703704,48.7037037037037,180,250,37.592592592592595,37.03703703703704,25.37037037037037,220,380,44.81481481481482,39.074074074074076,16.11111111111111,240,460,62.77777777777778,0.09259259259259259,37.129629629629626,280,500,12.12962962962963,60.27777777777778,27.59259259259259,320,610,37.68518518518518,10.462962962962964,51.851851851851855,370,690,100.0,0.0,0.0,400,710
25,bad,good,bad/good,0.009036327202104396,0.11274777280266408,3586,3742,2672,140,730,320,910,180,180,43.76,31.46,27.96,43.38,35.86,37.42,26.72,10000,71.66666666666667,0.18518518518518517,28.14814814814815,70,90,61.2962962962963,0.0,38.7037037037037,120,200,33.05555555555556,7.314814814814815,59.629629629629626,150,260,36.574074074074076,54.25925925925926,9.166666666666666,190,350,0.0,83.88888888888889,16.11111111111111,210,500,7.12962962962963,81.38888888888889,11.481481481481481,220,630,0.0,49.44444444444444,50.55555555555556,230,770,34.166666666666664,65.83333333333333,0.0,280,790,76.48148148148148,4.166666666666667,19.35185185185185,320,890,45.0,0.0,55.0,320,910
32,bad,good,bad/good,0.007498935853872678,0.1603257573072113,4089,3027,2884,140,800,380,1050,240,250,42.5,36.24,39.28,24.3,40.89,30.27,28.84,10000,87.31481481481481,0.18518518518518517,12.5,120,140,28.333333333333332,10.462962962962964,61.2037037037037,140,270,30.37037037037037,64.35185185185185,5.277777777777778,200,420,20.09259259259259,23.51851851851852,56.388888888888886,230,550,30.64814814814815,69.25925925925925,0.09259259259259259,240,680,30.833333333333332,40.092592592592595,29.074074074074073,310,780,83.33333333333333,16.666666666666668,0.0,370,880,21.11111111111111,24.166666666666668,54.72222222222222,380,950,46.574074074074076,5.648148148148148,47.77777777777778,380,1000,0.0,100.0,0.0,380,1050
34,bad,good,bad/good,0.009377534387035784,0.12591988000478754,4434,2667,2899,130,640,460,780,330,140,55.62,24.98,33.06,28.36,44.34,26.67,28.99,10000,4.444444444444445,8.703703703703704,86.85185185185185,20,120,94.62962962962963,0.0,5.37037037037037,70,190,73.88888888888889,0.0,26.11111111111111,160,250,44.907407407407405,48.611111111111114,6.481481481481482,170,340,39.629629629629626,58.333333333333336,2.037037037037037,250,460,48.425925925925924,47.592592592592595,3.9814814814814814,300,550,62.31481481481482,34.629629629629626,3.0555555555555554,370,640,10.37037037037037,4.444444444444445,85.18518518518519,380,740,26.574074074074073,24.25925925925926,49.166666666666664,440,770,20.714285714285715,78.57142857142857,0.7142857142857143,460,780
39,bad,good,bad/good,0.011228036363222295,0.1592948206688813,5567,2920,1513,120,780,480,940,360,160,61.26,27.82,50.08,30.58,55.67,29.2,15.13,10000,40.925925925925924,0.18518518518518517,58.888888888888886,30,110,98.51851851851852,0.0,1.4814814814814814,110,220,78.98148148148148,11.38888888888889,9.62962962962963,170,280,1.8518518518518519,97.87037037037037,0.2777777777777778,170,440,63.333333333333336,19.35185185185185,17.314814814814813,250,530,48.333333333333336,22.962962962962962,28.703703703703702,270,640,99.72222222222223,0.0,0.2777777777777778,360,750,10.648148148148149,68.51851851851852,20.833333333333332,370,800,47.22222222222222,50.092592592592595,2.685185185185185,470,910,100.0,0.0,0.0,480,940
41,bad,good,bad/good,0.008663176736494542,0.17825070211347072,4565,3945,1490,170,650,570,800,400,150,67.06,21.44,24.24,57.46,45.65,39.45,14.9,10000,72.96296296296296,15.462962962962964,11.574074074074074,130,110,49.907407407407405,48.51851851851852,1.5740740740740742,200,200,62.592592592592595,8.518518518518519,28.88888888888889,270,280,61.48148148148148,26.75925925925926,11.75925925925926,280,380,63.51851851851852,0.0,36.48148148148148,370,460,50.925925925925924,20.185185185185187,28.88888888888889,480,510,0.0,99.53703703703704,0.46296296296296297,480,650,0.0,100.0,0.0,500,700,58.98148148148148,22.77777777777778,18.24074074074074,530,760,8.928571428571429,90.71428571428571,0.35714285714285715,570,800
46,bad,good,bad/good,0.009877031799954286,0.15668139519117588,5555,2128,2317,220,730,560,890,340,160,74.04,9.24,37.06,33.32,55.55,21.28,23.17,10000,57.96296296296296,8.425925925925926,33.611111111111114,70,130,86.48148148148148,0.0,13.518518518518519,120,220,61.2962962962963,22.037037037037038,16.666666666666668,220,290,92.4074074074074,3.3333333333333335,4.2592592592592595,260,390,44.629629629629626,8.981481481481481,46.388888888888886,380,460,0.0,32.870370370370374,67.12962962962963,400,570,13.981481481481481,75.83333333333333,10.185185185185185,430,740,56.388888888888886,35.370370370370374,8.24074074074074,490,790,75.27777777777777,10.185185185185185,14.537037037037036,530,860,100.0,0.0,0.0,560,890
50,bad,good,bad/good,0.008447169350706076,0.1377398970270646,4341,3747,1912,140,680,360,950,220,270,43.92,28.6,42.9,46.34,43.41,37.47,19.12,10000,38.148148148148145,24.444444444444443,37.407407407407405,60,170,49.72222222222222,0.0,50.27777777777778,160,220,64.72222222222223,10.462962962962964,24.814814814814813,230,300,50.74074074074074,35.0,14.25925925925926,240,350,0.0,62.5,37.5,240,510,0.0,97.22222222222223,2.7777777777777777,250,600,71.66666666666667,20.555555555555557,7.777777777777778,280,730,59.53703703703704,39.53703703703704,0.9259259259259259,310,770,41.75925925925926,57.22222222222222,1.0185185185185186,350,920,98.92857142857143,0.0,1.0714285714285714,360,950
51,bad,good,bad/good,0.008960019742413944,0.14786863143094206,3263,3396,3341,130,730,310,1000,180,270,31.82,30.34,33.44,37.58,32.63,33.96,33.41,10000,46.851851851851855,0.18518518518518517,52.96296296296296,30,90,57.407407407407405,0.0,42.592592592592595,120,190,13.88888888888889,1.6666666666666667,84.44444444444444,160,250,1.6666666666666667,95.0925925925926,3.240740740740741,180,430,27.5,43.51851851851852,28.98148148148148,210,500,0.0,68.51851851851852,31.48148148148148,220,680,51.94444444444444,2.1296296296296298,45.925925925925924,230,740,0.0,85.27777777777777,14.722222222222221,250,820,78.61111111111111,18.055555555555557,3.3333333333333335,310,960,93.57142857142857,0.0,6.428571428571429,310,1000
53,bad,good,bad/good,0.010983612238028937,0.1445198097532243,3989,2611,3400,130,660,440,830,310,170,57.36,13.58,22.42,38.64,39.89,26.11,34.0,10000,47.592592592592595,0.18518518518518517,52.22222222222222,50,90,49.074074074074076,24.90740740740741,26.01851851851852,120,160,38.98148148148148,0.0,61.01851851851852,180,250,52.03703703703704,15.74074074074074,32.22222222222222,230,360,77.87037037037037,22.037037037037038,0.09259259259259259,290,460,83.14814814814815,16.85185185185185,0.0,360,520,12.5,45.74074074074074,41.75925925925926,360,690,7.87037037037037,8.24074074074074,83.88888888888889,400,750,0.0,82.5925925925926,17.40740740740741,430,790,1.0714285714285714,98.21428571428571,0.7142857142857143,440,830
56,bad,good,bad/good,0.011940738040362593,0.14989065527218998,4526,2430,3044,190,750,460,910,270,160,60.26,8.26,30.26,40.34,45.26,24.3,30.44,10000,52.870370370370374,0.18518518518518517,46.94444444444444,40,80,33.333333333333336,28.98148148148148,37.68518518518518,100,150,32.5,0.6481481481481481,66.85185185185185,150,240,69.81481481481481,8.148148148148149,22.037037037037038,240,270,90.46296296296296,0.2777777777777778,9.25925925925926,280,370,74.07407407407408,0.0,25.925925925925927,330,490,66.01851851851852,19.166666666666668,14.814814814814815,390,530,0.0,95.46296296296296,4.537037037037037,430,730,0.0,48.7037037037037,51.2962962962963,460,850,0.0,90.35714285714286,9.642857142857142,460,910
57,bad,good,bad/good,0.005761498461915666,0.1962262312219589,5454,1735,2811,70,750,420,880,350,130,51.6,20.52,57.48,14.18,54.54,17.35,28.11,10000,43.24074074074074,14.907407407407407,41.851851851851855,30,110,62.22222222222222,0.0,37.77777777777778,120,230,3.7962962962962963,33.611111111111114,62.592592592592595,140,340,41.01851851851852,37.96296296296296,21.01851851851852,190,470,88.61111111111111,8.518518518518519,2.8703703703703702,240,540,93.51851851851852,1.8518518518518519,4.62962962962963,280,630,71.01851851851852,0.0,28.98148148148148,360,720,68.42592592592592,0.6481481481481481,30.925925925925927,410,770,32.22222222222222,38.148148148148145,29.62962962962963,420,880,3.5714285714285716,96.42857142857143,0.0,420,880
62,bad,good,bad/good,0.010792039481300978,0.1405448101170099,5330,3053,1617,200,740,480,1000,280,260,49.12,33.22,57.48,27.84,53.3,30.53,16.17,10000,47.31481481481482,15.74074074074074,36.94444444444444,50,120,63.7037037037037,0.0,36.2962962962963,120,230,35.0,34.72222222222222,30.27777777777778,170,300,31.01851851851852,68.88888888888889,0.09259259259259259,210,490,50.370370370370374,34.44444444444444,15.185185185185185,230,590,95.0,1.5740740740740742,3.425925925925926,300,690,82.87037037037037,0.0,17.12962962962963,350,750,0.0,99.62962962962963,0.37037037037037035,370,870,62.31481481481482,27.685185185185187,10.0,470,990,100.0,0.0,0.0,480,1000
64,bad,good,bad/good,0.012569620369619419,0.197416266165318,4449,3164,2387,110,780,490,960,380,180,69.0,12.34,19.98,50.94,44.49,31.64,23.87,10000,42.22222222222222,22.685185185185187,35.092592592592595,40,80,78.98148148148148,7.037037037037037,13.981481481481481,130,210,61.851851851851855,4.351851851851852,33.7962962962963,220,300,74.81481481481481,23.055555555555557,2.1296296296296298,260,400,61.574074074074076,0.0,38.425925925925924,330,490,40.648148148148145,58.24074074074074,1.1111111111111112,370,570,4.722222222222222,51.94444444444444,43.333333333333336,390,720,47.129629629629626,30.64814814814815,22.22222222222222,480,780,0.0,92.77777777777777,7.222222222222222,490,930,0.0,8.571428571428571,91.42857142857143,490,960
67,bad,good,bad/good,0.010154967610423778,0.14135620178801803,5434,2698,1868,150,630,540,790,390,160,54.22,32.32,54.46,21.64,54.34,26.98,18.68,10000,81.94444444444444,0.18518518518518517,17.87037037037037,110,110,28.61111111111111,24.814814814814813,46.574074074074076,130,210,13.703703703703704,56.48148148148148,29.814814814814813,160,300,61.94444444444444,32.96296296296296,5.092592592592593,240,360,64.81481481481481,35.18518518518518,0.0,280,460,78.98148148148148,0.9259259259259259,20.09259259259259,380,500,47.592592592592595,48.24074074074074,4.166666666666667,450,620,70.83333333333333,2.962962962962963,26.203703703703702,500,720,54.72222222222222,22.12962962962963,23.14814814814815,530,770,0.0,100.0,0.0,540,790
70,bad,good,bad/good,0.014662719293152538,0.18296723321960556,5008,1704,3288,190,750,540,840,350,90,52.14,13.22,48.02,20.86,50.08,17.04,32.88,10000,52.407407407407405,6.7592592592592595,40.833333333333336,30,120,57.870370370370374,0.0,42.129629629629626,100,180,37.22222222222222,0.6481481481481481,62.129629629629626,190,250,22.5,26.75925925925926,50.74074074074074,220,290,71.38888888888889,27.037037037037038,1.5740740740740742,250,390,48.05555555555556,0.0,51.94444444444444,310,500,44.907407407407405,35.0,20.09259259259259,390,600,26.75925925925926,49.907407407407405,23.333333333333332,480,740,76.66666666666667,11.666666666666666,11.666666666666666,520,810,100.0,0.0,0.0,540,840
71,bad,good,bad/good,0.013490620621773409,0.16155741896632828,4075,3739,2186,100,760,280,1010,180,250,43.44,31.94,38.06,42.84,40.75,37.39,21.86,10000,69.62962962962963,14.074074074074074,16.296296296296298,50,140,84.53703703703704,0.0,15.462962962962964,100,220,13.333333333333334,29.90740740740741,56.75925925925926,110,320,10.092592592592593,37.407407407407405,52.5,120,490,23.51851851851852,66.48148148148148,10.0,150,560,26.01851851851852,54.629629629629626,19.35185185185185,160,720,39.53703703703704,49.351851851851855,11.11111111111111,210,800,12.87037037037037,87.03703703703704,0.09259259259259259,230,920,74.62962962962963,7.12962962962963,18.24074074074074,250,1000,89.28571428571429,0.7142857142857143,10.0,280,1010
73,bad,good,bad/good,0.012711255825362111,0.11890820226988638,4489,2646,2865,210,690,490,840,280,150,69.82,5.08,19.96,47.84,44.89,26.46,28.65,10000,51.2037037037037,3.888888888888889,44.907407407407405,70,120,60.55555555555556,10.37037037037037,29.074074074074073,130,220,83.51851851851852,0.0,16.48148148148148,190,270,61.94444444444444,9.25925925925926,28.796296296296298,290,360,66.01851851851852,0.0,33.98148148148148,350,450,66.11111111111111,22.685185185185187,11.203703703703704,420,520,21.574074074074073,63.425925925925924,15.0,440,600,4.722222222222222,69.9074074074074,25.37037037037037,480,730,0.0,39.53703703703704,60.46296296296296,490,830,0.0,100.0,0.0,490,840
79,bad,good,bad/good,0.009933999711239113,0.138580653330928,3757,3528,2715,140,670,390,930,250,260,30.08,36.9,45.06,33.66,37.57,35.28,27.15,10000,49.81481481481482,0.18518518518518517,50.0,30,110,68.24074074074075,0.0,31.75925925925926,140,240,2.314814814814815,60.18518518518518,37.5,140,330,13.703703703703704,74.72222222222223,11.574074074074074,170,410,5.185185185185185,35.74074074074074,59.074074074074076,180,500,51.2962962962963,48.611111111111114,0.09259259259259259,240,670,98.14814814814815,0.0,1.8518518518518519,300,730,59.166666666666664,11.944444444444445,28.88888888888889,360,760,0.0,76.11111111111111,23.88888888888889,380,870,0.0,73.92857142857143,26.071428571428573,390,930
82,bad,good,bad/good,0.0050637138889680425,0.10194144539297259,4609,2240,3151,80,650,230,800,150,150,67.76,7.62,24.42,37.18,46.09,22.4,31.51,10000,64.72222222222223,0.18518518518518517,35.092592592592595,20,110,88.14814814814815,0.0,11.851851851851851,30,220,18.51851851851852,0.0,81.48148148148148,30,250,52.77777777777778,28.703703703703702,18.51851851851852,60,330,89.53703703703704,6.388888888888889,4.074074074074074,100,420,62.870370370370374,5.648148148148148,31.48148148148148,170,480,50.18518518518518,31.203703703703702,18.61111111111111,200,520,0.0,97.31481481481481,2.685185185185185,200,690,0.0,17.962962962962962,82.03703703703704,220,750,0.0,77.14285714285714,22.857142857142858,230,800
84,bad,good,bad/good,0.011984543022005068,0.10126417456067471,1967,4805,3228,110,530,310,800,200,270,28.16,30.64,11.18,65.46,19.67,48.05,32.28,10000,51.2962962962963,0.18518518518518517,48.51851851851852,30,90,32.592592592592595,10.185185185185185,57.22222222222222,110,180,39.074074074074076,0.0,60.925925925925924,180,240,0.0,56.388888888888886,43.611111111111114,200,340,7.407407407407407,75.0925925925926,17.5,200,480,0.0,50.18518518518518,49.81481481481482,210,530,0.0,100.0,0.0,220,610,0.0,85.37037037037037,14.62962962962963,240,730,51.75925925925926,41.574074074074076,6.666666666666667,300,790,0.0,100.0,0.0,310,800
85,bad,good,bad/good,0.011036502965560822,0.12885390525495938,5749,2652,1599,140,720,440,840,300,120,58.92,29.2,56.06,23.84,57.49,26.52,15.99,10000,88.24074074074075,0.18518518518518517,11.574074074074074,50,120,74.72222222222223,0.0,25.27777777777778,120,180,48.425925925925924,5.37037037037037,46.2037037037037,150,260,0.0,100.0,0.0,180,350,61.388888888888886,29.62962962962963,8.981481481481481,230,480,34.53703703703704,19.90740740740741,45.55555555555556,230,530,62.407407407407405,36.666666666666664,0.9259259259259259,270,650,100.0,0.0,0.0,360,750,62.592592592592595,30.555555555555557,6.851851851851852,430,840,0.0,89.64285714285714,10.357142857142858,440,840
87,bad,good,bad/good,0.01102245006811267,0.16142104394511833,3555,4318,2127,190,700,440,1060,250,360,23.42,65.06,47.68,21.3,35.55,43.18,21.27,10000,41.111111111111114,40.833333333333336,18.055555555555557,80,190,67.31481481481481,10.37037037037037,22.314814814814813,190,280,0.0,94.44444444444444,5.555555555555555,220,440,0.0,55.55555555555556,44.44444444444444,230,550,0.0,100.0,0.0,250,670,75.64814814814815,10.37037037037037,13.981481481481481,280,750,58.148148148148145,40.46296296296296,1.3888888888888888,330,850,55.370370370370374,8.425925925925926,36.2037037037037,390,960,31.574074074074073,13.425925925925926,55.0,440,1030,0.0,100.0,0.0,440,1060
89,bad,good,bad/good,0.009933784706946188,0.10358335950333838,3930,3429,2641,140,620,430,790,290,170,36.9,45.5,41.7,23.08,39.3,34.29,26.41,10000,30.37037037037037,1.8518518518518519,67.77777777777777,20,110,82.5925925925926,0.0,17.40740740740741,100,240,26.944444444444443,50.55555555555556,22.5,140,290,0.0,100.0,0.0,150,380,30.925925925925927,58.24074074074074,10.833333333333334,200,490,24.444444444444443,27.22222222222222,48.333333333333336,230,560,85.55555555555556,14.074074074074074,0.37037037037037035,250,660,83.05555555555556,0.0,16.944444444444443,390,740,0.0,39.629629629629626,60.370370370370374,420,770,0.0,100.0,0.0,430,790
90,bad,good,bad/good,0.014224660138718394,0.17464645259819547,5914,2422,1664,140,580,480,700,340,120,72.12,25.58,46.16,22.86,59.14,24.22,16.64,10000,91.01851851851852,0.18518518518518517,8.796296296296296,120,120,51.75925925925926,45.833333333333336,2.4074074074074074,180,200,64.72222222222223,24.72222222222222,10.555555555555555,230,270,39.44444444444444,38.51851851851852,22.037037037037038,270,340,86.94444444444444,9.166666666666666,3.888888888888889,370,380,34.25925925925926,58.425925925925924,7.314814814814815,450,450,44.166666666666664,2.962962962962963,52.870370370370374,450,490,73.61111111111111,0.0,26.38888888888889,450,530,60.925925925925924,38.333333333333336,0.7407407407407407,480,670,2.857142857142857,23.571428571428573,73.57142857142857,480,700
100,bad,good,bad/good,0.007934413571128751,0.15820154159987268,5132,2175,2693,130,640,380,800,250,160,61.06,16.6,41.58,26.9,51.32,21.75,26.93,10000,44.166666666666664,0.18518518518518517,55.648148148148145,20,90,83.51851851851852,0.0,16.48148148148148,80,190,57.96296296296296,0.0,42.03703703703704,160,250,28.796296296296298,47.77777777777778,23.425925925925927,200,290,68.24074074074075,28.88888888888889,2.8703703703703702,250,390,88.33333333333333,6.481481481481482,5.185185185185185,330,500,11.203703703703704,84.16666666666667,4.62962962962963,330,610,86.48148148148148,0.0,13.518518518518519,360,710,6.481481481481482,10.277777777777779,83.24074074074075,380,770,0.0,91.07142857142857,8.928571428571429,380,800
114,bad,good,bad/good,0.009152370957345222,0.17463514252424311,4088,2727,3185,160,830,380,980,220,150,52.06,22.82,29.7,31.72,40.88,27.27,31.85,10000,37.96296296296296,33.148148148148145,28.88888888888889,20,130,64.9074074074074,0.0,35.092592592592595,120,240,35.27777777777778,26.574074074074073,38.148148148148145,130,300,58.98148148148148,31.38888888888889,9.62962962962963,150,440,43.888888888888886,14.537037037037036,41.574074074074076,230,510,21.11111111111111,59.074074074074076,19.814814814814813,250,700,50.0,38.148148148148145,11.851851851851851,300,760,41.75925925925926,38.98148148148148,19.25925925925926,350,870,24.62962962962963,10.648148148148149,64.72222222222223,370,980,0.0,0.0,100.0,380,980
118,bad,good,bad/good,0.01130763680770971,0.1610438548073438,4886,3535,1579,80,670,300,910,220,240,52.48,31.08,45.24,39.62,48.86,35.35,15.79,10000,61.388888888888886,0.18518518518518517,38.425925925925924,20,120,70.27777777777777,0.0,29.72222222222222,60,220,67.12962962962963,23.703703703703702,9.166666666666666,110,280,0.0,98.88888888888889,1.1111111111111112,130,400,44.166666666666664,21.11111111111111,34.72222222222222,190,510,7.314814814814815,90.92592592592592,1.7592592592592593,190,650,29.90740740740741,53.7037037037037,16.38888888888889,190,750,46.2962962962963,38.7962962962963,14.907407407407407,250,830,100.0,0.0,0.0,290,880,100.0,0.0,0.0,300,910
121,bad,good,bad/good,0.009104315814489426,0.1768180081264156,4926,2188,2886,120,910,420,980,300,70,60.38,14.28,38.14,29.48,49.26,21.88,28.86,10000,72.77777777777777,3.7037037037037037,23.51851851851852,60,130,62.5,0.0,37.5,120,230,25.0,29.444444444444443,45.55555555555556,170,310,63.24074074074074,23.796296296296298,12.962962962962964,260,460,56.01851851851852,9.166666666666666,34.81481481481482,270,510,52.407407407407405,41.75925925925926,5.833333333333333,280,600,65.74074074074075,0.0,34.25925925925926,360,750,42.407407407407405,32.407407407407405,25.185185185185187,390,830,11.018518518518519,62.31481481481482,26.666666666666668,410,950,19.285714285714285,0.0,80.71428571428571,420,980
122,bad,good,bad/good,0.013236853097486937,0.13756343757604997,3961,2507,3532,190,730,380,970,190,240,19.72,34.14,59.5,16.0,39.61,25.07,35.32,10000,47.5,22.22222222222222,30.27777777777778,60,120,25.185185185185187,9.25925925925926,65.55555555555556,120,220,11.018518518518519,12.037037037037036,76.94444444444444,170,250,0.0,80.83333333333333,19.166666666666668,180,450,7.592592592592593,33.7037037037037,58.7037037037037,200,530,31.666666666666668,61.01851851851852,7.314814814814815,240,730,56.48148148148148,0.46296296296296297,43.05555555555556,240,780,90.37037037037037,1.2962962962962963,8.333333333333334,300,870,77.4074074074074,11.296296296296296,11.296296296296296,380,930,75.35714285714286,0.0,24.642857142857142,380,970
123,bad,good,bad/good,0.009942206524792633,0.13761540977758852,5058,2521,2421,190,670,450,810,260,140,75.7,15.88,25.46,34.54,50.58,25.21,24.21,10000,78.61111111111111,7.777777777777778,13.61111111111111,80,140,40.0,16.85185185185185,43.148148148148145,190,240,60.18518518518518,23.055555555555557,16.75925925925926,210,300,77.5,21.38888888888889,1.1111111111111112,220,380,94.16666666666667,4.444444444444445,1.3888888888888888,260,480,29.62962962962963,22.87037037037037,47.5,320,510,32.03703703703704,67.96296296296296,0.0,360,630,13.796296296296296,23.14814814814815,63.05555555555556,380,740,42.129629629629626,29.537037037037038,28.333333333333332,440,800,1.0714285714285714,63.214285714285715,35.714285714285715,450,810
124,bad,good,bad/good,0.007648849673933034,0.19122888138125355,5460,1431,3109,80,690,420,800,340,110,65.98,8.9,43.22,19.72,54.6,14.31,31.09,10000,44.351851851851855,0.18518518518518517,55.46296296296296,60,110,100.0,0.0,0.0,130,220,27.77777777777778,0.0,72.22222222222223,140,250,72.12962962962963,19.444444444444443,8.425925925925926,190,400,61.2037037037037,21.574074074074073,17.22222222222222,240,490,24.074074074074073,29.814814814814813,46.111111111111114,270,530,69.35185185185185,18.51851851851852,12.12962962962963,310,630,90.27777777777777,0.0,9.722222222222221,370,710,16.38888888888889,18.24074074074074,65.37037037037037,420,760,0.0,95.35714285714286,4.642857142857143,420,800
125,bad,good,bad/good,0.008846659041705635,0.16155292261598378,2095,4129,3776,70,690,250,930,180,240,39.02,25.5,2.88,57.08,20.95,41.29,37.76,10000,53.333333333333336,0.18518518518518517,46.48148148148148,50,120,89.72222222222223,0.0,10.277777777777779,120,220,37.592592592592595,51.574074074074076,10.833333333333334,210,270,0.0,54.907407407407405,45.092592592592595,210,430,0.0,11.38888888888889,88.61111111111111,210,500,0.0,61.388888888888886,38.611111111111114,220,640,0.0,28.51851851851852,71.48148148148148,240,740,0.0,64.07407407407408,35.925925925925924,240,800,0.0,97.68518518518519,2.314814814814815,240,880,51.42857142857143,48.57142857142857,0.0,250,930
127,bad,good,bad/good,0.009457816547973721,0.13323759083828873,4390,2854,2756,150,650,410,750,260,100,43.1,37.3,44.7,19.78,43.9,28.54,27.56,10000,44.074074074074076,0.18518518518518517,55.74074074074074,30,120,79.72222222222223,0.0,20.27777777777778,130,200,55.27777777777778,27.87037037037037,16.85185185185185,190,240,0.0,65.18518518518519,34.81481481481482,210,280,20.462962962962962,79.44444444444444,0.09259259259259259,230,380,85.18518518518519,3.3333333333333335,11.481481481481481,300,480,19.90740740740741,28.425925925925927,51.666666666666664,330,530,11.481481481481481,59.53703703703704,28.98148148148148,340,610,89.72222222222223,0.18518518518518517,10.092592592592593,410,740,2.5,0.35714285714285715,97.14285714285714,410,750
136,bad,good,bad/good,0.010585072382308413,0.16122863223792747,4612,3720,1668,140,620,380,770,240,150,47.88,46.22,44.36,28.18,46.12,37.2,16.68,10000,81.48148148148148,0.18518518518518517,18.333333333333332,60,120,6.203703703703703,74.9074074074074,18.88888888888889,130,180,72.5925925925926,20.09259259259259,7.314814814814815,130,240,28.98148148148148,51.2037037037037,19.814814814814813,180,300,32.407407407407405,67.5925925925926,0.0,210,420,53.98148148148148,25.925925925925927,20.09259259259259,270,500,23.796296296296298,63.7037037037037,12.5,310,580,45.648148148148145,29.72222222222222,24.62962962962963,360,680,56.75925925925926,10.648148148148149,32.592592592592595,380,770,97.14285714285714,1.7857142857142858,1.0714285714285714,380,770
138,bad,good,bad/good,0.0026352520285472273,0.14305755430006484,6030,2310,1660,30,680,610,760,580,80,64.9,27.94,55.7,18.26,60.3,23.1,16.6,10000,43.611111111111114,0.5555555555555556,55.833333333333336,30,130,92.68518518518519,0.0,7.314814814814815,100,240,37.592592592592595,58.51851851851852,3.888888888888889,160,320,28.796296296296298,70.27777777777777,0.9259259259259259,160,350,97.77777777777777,0.0,2.2222222222222223,250,440,72.5925925925926,0.0,27.40740740740741,340,490,29.074074074074073,54.907407407407405,16.01851851851852,400,580,70.55555555555556,0.8333333333333334,28.61111111111111,500,730,85.64814814814815,2.8703703703703702,11.481481481481481,600,760,0.0,100.0,0.0,610,760
145,bad,good,bad/good,0.009723111111877977,0.16249371919690317,4102,2401,3497,120,580,360,750,240,170,37.04,30.4,45.0,17.62,41.02,24.01,34.97,10000,79.25925925925925,0.18518518518518517,20.555555555555557,60,110,62.592592592592595,12.962962962962964,24.444444444444443,140,200,0.0,28.14814814814815,71.85185185185185,160,250,16.75925925925926,42.5,40.74074074074074,180,320,12.87037037037037,56.94444444444444,30.185185185185187,180,470,0.0,0.0,100.0,190,500,12.685185185185185,76.48148148148148,10.833333333333334,190,640,94.9074074074074,5.092592592592593,0.0,250,670,74.81481481481481,0.0,25.185185185185187,310,740,100.0,0.0,0.0,360,750
146,bad,good,bad/good,0.010636453645459325,0.14375851774675433,5181,2804,2015,180,790,520,940,340,150,55.62,31.88,48.0,24.2,51.81,28.04,20.15,10000,89.25925925925925,0.18518518518518517,10.555555555555555,120,150,62.5,6.388888888888889,31.11111111111111,190,250,12.777777777777779,69.16666666666667,18.055555555555557,190,390,52.870370370370374,19.814814814814813,27.314814814814813,270,500,40.092592592592595,52.03703703703704,7.87037037037037,300,580,42.68518518518518,9.444444444444445,47.870370370370374,360,690,30.37037037037037,28.24074074074074,41.388888888888886,410,780,26.75925925925926,73.14814814814815,0.09259259259259259,440,850,97.03703703703704,1.2037037037037037,1.7592592592592593,500,930,97.85714285714286,0.0,2.142857142857143,520,940
147,bad,good,bad/good,0.015018167012387864,0.1491342528538339,4036,2758,3206,220,730,470,880,250,150,53.8,38.64,26.92,16.52,40.36,27.58,32.06,10000,41.48148148148148,14.351851851851851,44.166666666666664,50,130,84.81481481481481,0.0,15.185185185185185,80,220,48.148148148148145,51.574074074074076,0.2777777777777778,150,290,0.0,92.31481481481481,7.685185185185185,190,480,74.62962962962963,20.64814814814815,4.722222222222222,250,550,60.370370370370374,8.88888888888889,30.74074074074074,300,640,29.90740740740741,0.0,70.0925925925926,370,710,3.7962962962962963,0.9259259259259259,95.27777777777777,380,750,30.555555555555557,40.74074074074074,28.703703703703702,460,840,0.0,100.0,0.0,470,880
